epoch,train_loss,test_loss,learning_rate,stage,time_per_epoch
0,0.4471416374047597,0.3840336203575134,0.0001,1,63.76759624481201
1,0.39219002723693847,0.3775784373283386,0.0001,1,63.104289293289185
2,0.37321543842554095,0.3492759168148041,0.0001,1,62.96760082244873
3,0.355142938097318,0.33785085876782733,0.0001,1,61.726911783218384
4,0.34442634830872215,0.33497953911622363,0.0001,1,63.48260831832886
5,0.33616467167933783,0.32543479402860004,0.0001,1,61.56854224205017
6,0.31986374060312905,0.2932668998837471,0.0001,1,61.53107762336731
7,0.282560396194458,0.24682958175738653,0.0001,1,61.52273678779602
8,0.23852481792370478,0.21493781358003616,0.0001,1,61.42011833190918
9,0.21273968915144603,0.19800572594006857,0.0001,1,61.83492159843445
10,0.20688657114903133,0.19380764414866766,0.0001,1,61.946739196777344
11,0.19747200161218642,0.1799918239315351,0.0001,1,61.56381678581238
12,0.18648579716682434,0.16846692810455957,0.0001,1,61.987014055252075
13,0.2487333431839943,0.2176433652639389,0.0001,1,61.621384382247925
14,0.2147130380074183,0.1769533877571424,0.0001,1,61.81171751022339
15,0.18508677234252294,0.17069803923368454,0.0001,1,61.83605623245239
16,0.17724810813864073,0.16381934036811194,0.0001,1,62.338276386260986
17,0.17090138445297878,0.16336637362837791,0.0001,1,62.016146421432495
18,0.16832198724150657,0.1673122433324655,0.0001,1,62.27055835723877
19,0.16584725702802341,0.16643923645218214,0.0001,1,61.920318603515625
20,0.16333129182457923,0.17358928670485815,0.0001,1,61.54795861244202
21,0.15968723247448605,0.16363123804330826,0.0001,1,62.05287027359009
22,0.15591690416137377,0.16408937921126684,0.0001,1,61.96846532821655
23,0.1503966634472211,0.16075244918465614,0.0001,1,61.555882692337036
24,0.14987642938892046,0.15202517807483673,0.0001,1,62.116374492645264
25,0.1436914508541425,0.15571822598576546,0.0001,1,61.74385333061218
26,0.1452956055601438,0.1456440376738707,0.0001,1,62.28895163536072
27,0.13766245767474175,0.13865333050489426,0.0001,1,62.11365628242493
28,0.13110904917120933,0.1284315288066864,0.0001,1,61.9430890083313
29,0.12596031328042348,0.12273389473557472,0.0001,1,61.88205075263977
30,0.12308131630222002,0.12579821919401488,0.0001,1,61.9614782333374
31,0.1225917729238669,0.12344992036620776,0.0001,1,61.96975111961365
32,0.1204045111934344,0.133905578404665,0.0001,1,61.98968267440796
33,0.11995814020435015,0.13149515787760416,0.0001,1,62.40153503417969
34,0.11576553558309872,0.12159867708881696,0.0001,1,61.52353477478027
35,0.10798866152763367,0.11469726637005806,0.0001,1,62.23714351654053
36,0.1062801072994868,0.11780590439836185,0.0001,1,62.14054536819458
37,0.10408416241407395,0.11028607810537021,0.0001,1,62.18652319908142
38,0.09825080633163452,0.09959169601400693,0.0001,1,62.205790519714355
39,0.0920494832098484,0.097588449716568,0.0001,1,61.98654103279114
40,0.08932768205801646,0.09291063621640205,0.0001,1,61.54725909233093
41,0.0850993424654007,0.08794685329000156,0.0001,1,62.49853444099426
42,0.08099599530299505,0.0859739159544309,0.0001,1,61.76923108100891
43,0.07696584736307462,0.08450208604335785,0.0001,1,62.29608607292175
44,0.075221940005819,0.07734134544928868,0.0001,1,61.98526120185852
45,0.07200199030339718,0.07568219241996606,0.0001,1,62.08924460411072
46,0.06872858045001824,0.07373557115594546,0.0001,1,61.876243352890015
47,0.0657850481569767,0.0641175489872694,0.0001,1,62.12589883804321
48,0.06249869676927725,0.06369954285522302,0.0001,1,61.81345796585083
49,0.06067850577334563,0.061005248998602234,0.0001,1,61.66059732437134
50,0.058459318801760675,0.06178851549824079,0.0001,1,61.890063524246216
51,0.059344467644890146,0.05724372776846091,0.0001,1,61.844061851501465
52,0.05597447156906128,0.05457000186045965,0.0001,1,61.53163957595825
53,0.055351265768210096,0.05415792390704155,0.0001,1,61.73413848876953
54,0.052851024890939395,0.05246836692094803,0.0001,1,61.648496866226196
55,0.05282905846834183,0.049062913904587425,0.0001,1,61.90481686592102
56,0.05063401150206725,0.05169281860192617,0.0001,1,61.62290716171265
57,0.05092079825699329,0.04850668149689833,0.0001,1,61.841838359832764
58,0.049069335063298546,0.046829571947455406,0.0001,1,61.88991856575012
59,0.04827224463224411,0.04682018545766672,0.0001,1,61.77640247344971
60,0.047863334665695825,0.045185238122940063,0.0001,1,62.034605503082275
61,0.04630356803536415,0.04427558618287245,0.0001,1,61.875574350357056
62,0.04756826919813951,0.04392616016169389,0.0001,1,61.89368796348572
63,0.04955468798677127,0.04340010012189547,0.0001,1,61.5809280872345
64,0.047225395465890566,0.052714997281630836,0.0001,1,61.848657846450806
65,0.05686728395521641,0.05895991685489813,0.0001,1,62.05865788459778
66,0.06103903464972973,0.04661204976340135,0.0001,1,61.37104916572571
67,0.043987275039156275,0.05714829762776693,0.0001,1,61.994611978530884
68,0.04750019572675228,0.04403425877292951,0.0001,1,61.93965983390808
69,0.04181933129827182,0.04482822120189667,0.0001,1,61.78993558883667
70,0.04181225982805093,0.04341714332501093,0.0001,1,61.453351974487305
71,0.04540780950337649,0.04511375042299429,0.0001,1,61.69363069534302
72,0.047374157980084416,0.03719312511384487,0.0001,1,62.020272731781006
73,0.0448219774911801,0.041737244774897896,0.0001,1,61.87627291679382
74,0.04315538493295511,0.03768986867119869,0.0001,1,61.921241760253906
75,0.0377041798705856,0.0441282136986653,0.0001,1,61.757763385772705
76,0.04188819049547116,0.03838198942442735,0.0001,1,61.86239242553711
77,0.036250797907511394,0.035777452091375984,0.0001,1,62.173715353012085
78,0.0353234043965737,0.03619755897670984,0.0001,1,61.84952783584595
79,0.035337465815246105,0.03572149357448021,0.0001,1,62.051926136016846
80,0.03471921260158221,0.03582504050185283,0.0001,1,61.993321895599365
81,0.03659919922550519,0.03886235629518827,0.0001,1,61.886640548706055
82,0.0362451462695996,0.03961823042482138,0.0001,1,62.11514329910278
83,0.03546863247950872,0.03844798387338718,0.0001,1,61.84023118019104
84,0.03474779911339283,0.038455749241014324,0.0001,1,62.07191300392151
85,0.035127420102556546,0.036511787523825966,0.0001,1,61.71503949165344
86,0.04622088900456826,0.031058835486570995,0.0001,1,61.912651777267456
87,0.037061632300416626,0.03701178543269634,0.0001,1,62.112539768218994
88,0.04011672077079614,0.03810294158756733,0.0001,1,62.16275119781494
89,0.03730612887690465,0.03608848278721174,0.0001,1,61.90300393104553
90,0.034999508038163187,0.04245196500172218,0.0001,1,62.100268602371216
91,0.037411913337806864,0.05244676023721695,0.0001,1,62.3182110786438
92,0.039279777618745966,0.03163508977741003,0.0001,1,61.70598602294922
93,0.032021043635904786,0.036354293736318745,0.0001,1,61.73297619819641
94,0.03303475634505351,0.03467344461629788,0.0001,1,62.07906723022461
95,0.03391152980426947,0.04092443361878395,0.0001,1,61.87829518318176
96,0.036858557475109896,0.03356020928670963,0.0001,1,61.972593545913696
97,0.03133104008932908,0.03511371277272701,0.0001,1,61.960182189941406
98,0.030838923901319502,0.028580969509979088,0.0001,1,61.953145265579224
99,0.028778531588613987,0.034405446921785675,0.0001,1,62.087932109832764
100,0.030995637985567252,0.030391013249754906,0.0001,1,62.12432861328125
101,0.02966214120388031,0.03399412613362074,0.0001,1,62.124446392059326
102,0.02982646239300569,0.030579804132382076,0.0001,1,62.13510847091675
103,0.028933465418716272,0.027898951744039852,0.0001,1,62.19914221763611
104,0.02769057812790076,0.030997762456536293,0.0001,1,62.27328062057495
105,0.02995924688875675,0.03771781921386719,0.0001,1,61.85076141357422
106,0.03232539550711711,0.030124740054210026,0.0001,1,62.13285517692566
107,0.028524917798737684,0.03750396054238081,0.0001,1,61.95370364189148
108,0.03173549957573414,0.03883447094509999,0.0001,1,62.30828094482422
109,0.035460166881481806,0.03799563863625129,0.0001,1,62.235522747039795
110,0.03123008254915476,0.028014483861625195,0.0001,1,62.053420543670654
111,0.02634183634072542,0.04614554593960444,0.0001,1,61.98120045661926
112,0.03257044504086177,0.037274072567621865,0.0001,1,61.90894317626953
113,0.028468590167661508,0.02595211596538623,0.0001,1,61.86215949058533
114,0.025260137021541597,0.030343573540449142,0.0001,1,62.305217027664185
115,0.026625730159382025,0.034707410261034966,0.0001,1,61.9898099899292
116,0.027817236818373205,0.028080266279478867,0.0001,1,62.063316106796265
117,0.024612394844492277,0.02758313777546088,0.0001,1,62.01425385475159
118,0.024762283079326153,0.028865424295266468,0.0001,1,62.15626096725464
119,0.024984105055530868,0.02751647463689248,0.0001,1,61.668317556381226
120,0.02453800948957602,0.02884863844762246,0.0001,1,61.697001218795776
121,0.024784620913366476,0.025674523785710335,0.0001,1,62.31150412559509
122,0.02370756051192681,0.030292100583513577,0.0001,1,61.87788534164429
123,0.024697034433484078,0.024282649159431458,0.0001,1,61.894054889678955
124,0.02359562609344721,0.030826091766357422,0.0001,1,61.94888424873352
125,0.02495066902289788,0.024951985105872154,0.0001,1,61.403193950653076
126,0.023265467211604118,0.03220623234907786,0.0001,1,61.99390625953674
127,0.02610219717025757,0.03057102331270774,0.0001,1,61.80964112281799
128,0.024824204668402673,0.025399097241461277,0.0001,1,62.058340072631836
129,0.022169647303720317,0.023589426030715305,0.0001,1,61.614704847335815
130,0.022052666544914244,0.02254901174455881,0.0001,1,61.851062536239624
131,0.022772397163013616,0.02333306024471919,0.0001,1,61.76723551750183
132,0.022618217021226884,0.022608777197698753,0.0001,1,61.77437901496887
133,0.022142450883984567,0.024254394074281056,0.0001,1,61.4886691570282
134,0.020886728477974733,0.025644430580238502,0.0001,1,61.381030559539795
135,0.02057358839859565,0.02670780507226785,0.0001,1,61.814717531204224
136,0.020396353925267854,0.02582711912691593,0.0001,1,61.8624951839447
137,0.01998168577750524,0.023354038285712402,0.0001,1,61.883437156677246
138,0.021017490575710934,0.023444905566672485,0.0001,1,61.51206040382385
139,0.019911062655349573,0.028453406256934006,0.0001,1,61.98387289047241
140,0.01936679957434535,0.02805901939670245,0.0001,1,62.01701521873474
141,0.019185303120563428,0.02818332239985466,0.0001,1,61.892542123794556
142,0.02044790474077066,0.027981409182151157,0.0001,1,61.75360941886902
143,0.027133621275424957,0.025233734709521134,0.0001,1,62.08774423599243
144,0.01859655389562249,0.028616500087082386,0.0001,1,61.985833168029785
145,0.01819792635117968,0.02617097304513057,0.0001,1,61.58761262893677
146,0.020240457511196533,0.019281978718936443,0.0001,1,62.057090520858765
147,0.018496578683455785,0.03143229832251867,0.0001,1,61.760457038879395
148,0.02012767381966114,0.026430564932525158,0.0001,1,61.992544174194336
149,0.016859586474796136,0.02288658854862054,0.0001,1,61.78033185005188
150,0.025756018795073034,0.028599008296926815,0.0001,1,61.288559913635254
151,0.018139442708343268,0.02035649958997965,0.0001,1,61.99023127555847
152,0.02562739762167136,0.02969179581850767,0.0001,1,61.41669225692749
153,0.019362454985578856,0.018387116802235443,0.0001,1,61.164947748184204
154,0.029684369949003062,0.021389073692262173,0.0001,1,61.54924941062927
155,0.023875983556111653,0.025257756002247334,0.0001,1,61.607805013656616
156,0.030040933471173047,0.02657291355232398,0.0001,1,61.82644462585449
157,0.023826737484584252,0.024802833174665768,0.0001,1,61.54415440559387
158,0.017515356093645094,0.02795268331343929,0.0001,1,61.77549719810486
159,0.017938425516088805,0.023095132162173588,0.0001,1,61.553497552871704
160,0.016892677173018456,0.0320097915828228,0.0001,1,61.83695077896118
161,0.01833138968795538,0.024710177754362423,0.0001,1,62.02686309814453
162,0.018688691904147466,0.028208238072693348,0.0001,1,61.91348576545715
163,0.01737387434889873,0.022156976784269016,0.0001,1,61.583563804626465
164,0.019209710663805404,0.026182350081702072,0.0001,1,61.75637865066528
165,0.023618295726676782,0.021603441486756008,0.0001,1,61.577885150909424
166,0.027118251907328764,0.023170015464226406,0.0001,1,61.61778807640076
167,0.02865755499030153,0.01940490274379651,0.0001,1,61.579895973205566
168,0.018485428299754858,0.02454050164669752,0.0001,1,61.57593059539795
169,0.017052346654236317,0.02741765696555376,0.0001,1,61.90894412994385
170,0.016475404581675925,0.02126410199950139,0.0001,1,62.014319896698
171,0.019549094047397374,0.02505378456165393,0.0001,1,61.68717861175537
172,0.018211147002875804,0.026048896523813408,0.0001,1,61.89316463470459
173,0.020719005788366,0.017980804666876793,0.0001,1,61.95404577255249
174,0.024173262591163317,0.02468465982625882,0.0001,1,61.80272340774536
175,0.019675473465273777,0.021617989676694076,0.0001,1,61.728888750076294
176,0.03091989445189635,0.026923044274250667,0.0001,1,61.611658811569214
177,0.017401857208460568,0.029103556647896767,0.0001,1,61.47519516944885
178,0.01855515722806255,0.02093421233197053,0.0001,1,61.971307039260864
179,0.02251811623573303,0.042945457311968006,0.0001,1,61.530235052108765
180,0.028534567231933275,0.01923222467303276,0.0001,1,61.78025507926941
181,0.02982106463362773,0.03015614797671636,0.0001,1,61.94792342185974
182,0.019797900163878997,0.017091798751304548,0.0001,1,61.92188334465027
183,0.021312985569238663,0.03127492902179559,0.0001,1,61.74708580970764
184,0.016555833537131547,0.01653838437050581,0.0001,1,61.844465017318726
185,0.018339877078930537,0.029133740502099197,0.0001,1,61.920320987701416
186,0.015254472816983859,0.013935784964511791,0.0001,1,61.88907790184021
187,0.0232738034799695,0.0227891243994236,0.0001,1,61.65741753578186
188,0.016362208314239977,0.028121207530299824,0.0001,1,61.51177000999451
189,0.01697259461507201,0.021259666420519352,0.0001,1,62.13401389122009
190,0.02111958827202519,0.021666008979082108,0.0001,1,61.84555530548096
191,0.024391391438742478,0.02373566012829542,0.0001,1,62.21166372299194
192,0.03543852462122838,0.028859647922217846,0.0001,1,61.95888948440552
193,0.025335194387783606,0.018300463755925495,0.0001,1,61.53089475631714
194,0.02259462003906568,0.018722825373212498,0.0001,1,61.96778845787048
195,0.02542713830868403,0.014368293030808369,0.0001,1,61.65739893913269
196,0.016457948368042707,0.015477014550318321,0.0001,1,61.62759590148926
197,0.020313739373038212,0.014923461247235537,0.0001,1,61.91267991065979
198,0.016820304250965517,0.015445597469806671,0.0001,1,62.27198767662048
199,0.018034413239608207,0.01785002105558912,1e-05,2,61.65732169151306
200,0.015561719704419375,0.013830976405491432,1e-05,2,62.01254391670227
201,0.01569224735721946,0.013440614255766073,1e-05,2,62.040666341781616
202,0.015266057352224987,0.013325099988530079,1e-05,2,62.08020257949829
203,0.01543217891206344,0.01271994054938356,1e-05,2,62.0430862903595
204,0.01539991603543361,0.012474050124486288,1e-05,2,62.096494913101196
205,0.015529837055752675,0.012467663735151291,1e-05,2,61.817068099975586
206,0.015287447317192952,0.012453203399976095,1e-05,2,61.61540627479553
207,0.01487913258994619,0.012450648161272207,1e-05,2,61.81703782081604
208,0.014625317168732483,0.012434837563584248,1e-05,2,61.56990933418274
209,0.01440103497977058,0.012430792053540548,1e-05,2,61.63422513008118
210,0.014219698247810204,0.012443385242174069,1e-05,2,61.81674361228943
211,0.014036139970024427,0.01247293765967091,1e-05,2,62.03250217437744
212,0.013854870075980822,0.01255417646219333,1e-05,2,62.08184194564819
213,0.013708647992461919,0.012610271417846283,1e-05,2,62.02894854545593
214,0.01362096465503176,0.012708158077051243,1e-05,2,62.08186912536621
215,0.013525116816163063,0.012765071354806423,1e-05,2,61.91364026069641
216,0.013458205355952184,0.012912650592625141,1e-05,2,61.81562900543213
217,0.013393682862321536,0.013037441919247309,1e-05,2,61.592655420303345
218,0.013340676110237837,0.013195099619527658,1e-05,2,61.70202589035034
219,0.013301291254659493,0.01337703006962935,1e-05,2,61.98227882385254
220,0.013257328203568857,0.013501921823869148,1e-05,2,61.930853843688965
221,0.013223274455716213,0.01361360540613532,1e-05,2,61.99733281135559
222,0.0131974872512122,0.013713793673863014,1e-05,2,61.699995279312134
223,0.013171735405921935,0.013714424800127745,1e-05,2,61.61561632156372
224,0.013151186766723793,0.01369846472516656,1e-05,2,61.59225869178772
225,0.013135039526969195,0.013750012032687664,1e-05,2,61.84671235084534
226,0.013117835919062296,0.013926538483550152,1e-05,2,62.22529864311218
227,0.013103750348091126,0.014015974011272192,1e-05,2,61.773839712142944
228,0.013090530162056286,0.014257116398463646,1e-05,2,61.6296124458313
229,0.013103834725916386,0.014532272859166065,1e-05,2,61.56123971939087
230,0.013104581863929828,0.014606996594617764,1e-05,2,61.810635805130005
231,0.013074438460171223,0.014437627357741198,1e-05,2,62.08067727088928
232,0.013028942669431368,0.014122259492675463,1e-05,2,61.73110556602478
233,0.013008089829236269,0.013728459210445484,1e-05,2,62.032512187957764
234,0.013052413829912742,0.013442445391168198,1e-05,2,62.20442581176758
235,0.013123854156583547,0.013354854968686899,1e-05,2,61.79491209983826
236,0.013140118401497602,0.013448259017119804,1e-05,2,62.288835525512695
237,0.013178041856735944,0.013742473597327868,1e-05,2,62.11555600166321
238,0.013274180113027494,0.014258721377700567,1e-05,2,61.86798644065857
239,0.013551503016302983,0.015555604981879393,1e-05,2,61.65575957298279
240,0.013845456360528866,0.016798790078610182,1e-05,2,61.705907583236694
241,0.013934549223631621,0.01719791783640782,1e-05,2,61.970216035842896
242,0.013569243531674147,0.016931306725988787,1e-05,2,61.85504460334778
243,0.013345781217018763,0.01638540206477046,1e-05,2,61.635255575180054
244,0.013226382496456305,0.015607543134440979,1e-05,2,61.737497329711914
245,0.0133403230458498,0.014362276221315065,1e-05,2,61.984954833984375
246,0.01381524254878362,0.013234884788592657,1e-05,2,61.93132567405701
247,0.014593894469241302,0.014096839043001333,1e-05,2,61.964619874954224
248,0.015401955352475245,0.013884843327105045,1e-05,2,61.83733558654785
249,0.01409881270180146,0.01333961340909203,1e-05,2,61.68592953681946
250,0.01336337545265754,0.013566891973217329,1e-05,2,61.90994119644165
251,0.01330839740112424,0.013755690772086382,1e-05,2,61.702855348587036
252,0.013694756757467985,0.014484636640797058,1e-05,2,61.58235692977905
253,0.013781247598429521,0.015665668062865734,1e-05,2,61.791950702667236
254,0.014144914255787929,0.016622786565373342,1e-05,2,61.87184381484985
255,0.01363828197742502,0.016073088627308607,1e-05,2,61.75704288482666
256,0.013027402417113384,0.015658367425203323,1e-05,2,61.770201206207275
257,0.01295448166007797,0.014608458460619053,1e-05,2,61.792768239974976
258,0.012988588182876508,0.013747673326482376,1e-05,2,61.86156177520752
259,0.013306894494841496,0.013546521930644909,1e-05,2,61.76977229118347
260,0.01412516220783194,0.01399031529823939,1e-05,2,61.74435591697693
261,0.014095511225362619,0.013641036891688904,1e-05,2,62.10924458503723
262,0.013332196387151878,0.01339190173894167,1e-05,2,61.62184000015259
263,0.012941497936844825,0.013216101564466953,1e-05,2,61.884469747543335
264,0.012981081878145536,0.013054884194085995,1e-05,2,61.964909076690674
265,0.013162048843999704,0.013095970420787731,1e-05,2,61.54877758026123
266,0.013385865340630214,0.013449172178904215,1e-05,2,61.687132835388184
267,0.01363579680522283,0.014345420524477959,1e-05,2,61.90468239784241
268,0.013733552147944769,0.015469685507317385,1e-05,2,61.40128540992737
269,0.01364441318437457,0.015691650720934074,1e-05,2,61.98883819580078
270,0.012932181420425574,0.014987694565206766,1e-05,2,61.739201068878174
271,0.01253257654607296,0.014610738648722569,1e-05,2,62.21895480155945
272,0.012411894649267197,0.014238811408480009,1e-05,2,62.13064169883728
273,0.012467688911904891,0.014007414070268473,1e-05,2,61.24839639663696
274,0.012561115032682816,0.013574627383301655,1e-05,2,61.373278856277466
275,0.012810241896659136,0.013397842956086,1e-05,2,61.89895057678223
276,0.012976975676914056,0.013297295818726221,1e-05,2,61.72050952911377
277,0.013219140066454808,0.013406085626532635,1e-05,2,61.60314393043518
278,0.013300153178473313,0.013746264856308699,1e-05,2,61.477978467941284
279,0.01339391606549422,0.014092557287464539,1e-05,2,61.53107690811157
280,0.013317674367378156,0.014429342777778706,1e-05,2,61.84718155860901
281,0.013179042873283227,0.014374829363077879,1e-05,2,61.82336473464966
282,0.013036186310152213,0.01377327786758542,1e-05,2,61.36180639266968
283,0.013270857899139324,0.01343532900015513,1e-05,2,61.474111557006836
284,0.013477082550525665,0.012928605545312166,1e-05,2,61.700467586517334
285,0.01387831491107742,0.01300373487174511,1e-05,2,61.928802728652954
286,0.014174291708817085,0.013550865308692059,1e-05,2,61.7914354801178
287,0.01477387643729647,0.015298864959428707,1e-05,2,61.605525732040405
288,0.014868191878000895,0.01738967715452115,1e-05,2,61.70279145240784
289,0.01462096031755209,0.017719918861985207,1e-05,2,61.397884368896484
290,0.013491340509305397,0.015893366032590468,1e-05,2,61.771528244018555
291,0.012623343399415414,0.014573048334568739,1e-05,2,61.76086115837097
292,0.01240560511747996,0.013955697417259216,1e-05,2,61.56003928184509
293,0.012424560481061537,0.013306010514497757,1e-05,2,61.49229454994202
294,0.012682907034953434,0.012932743566731611,1e-05,2,62.0119354724884
295,0.013007203831026952,0.012871599135299524,1e-05,2,61.4434015750885
296,0.013217689407368501,0.013040523044764996,1e-05,2,61.87566614151001
297,0.013219308573752642,0.013151703091959158,1e-05,2,61.92688179016113
298,0.012939494134237369,0.01309575947622458,1e-05,2,61.872854471206665
299,0.012580165453255177,0.013030743692070246,1e-05,2,61.90332221984863
300,0.012396834138780833,0.012883470704158148,1e-05,2,61.78939080238342
301,0.012311768997460604,0.012736207650353512,1e-05,2,61.797781229019165
302,0.0123334811689953,0.012606673408299685,1e-05,2,61.530637979507446
303,0.012452438411613306,0.0128257698379457,1e-05,2,61.71833372116089
304,0.012607955187559129,0.012852210706720749,1e-05,2,61.49726319313049
305,0.01290692382802566,0.012395262562980255,1e-05,2,61.72017025947571
306,0.013258019338051479,0.012109126740445694,1e-05,2,61.781800508499146
307,0.01323607781281074,0.012507121078670025,1e-05,2,61.57240390777588
308,0.013622126790384452,0.013402982614934444,1e-05,2,61.72042369842529
309,0.013859985365221898,0.014727555060138306,1e-05,2,62.0067982673645
310,0.013879945998390516,0.015529319799194733,1e-05,2,61.858492612838745
311,0.013549928739666938,0.015583560646822056,1e-05,2,61.80243444442749
312,0.01299179404353102,0.015470221793899933,1e-05,2,61.45377016067505
313,0.012662401515990495,0.015318044306089481,1e-05,2,61.99054837226868
314,0.012355315530051788,0.014663354183236757,1e-05,2,61.72900629043579
315,0.012194509462763866,0.01404531734685103,1e-05,2,61.93567752838135
316,0.012329790803293387,0.013924069547404846,1e-05,2,62.05935716629028
317,0.012784714593241613,0.013863190387686094,1e-05,2,61.7310094833374
318,0.012960254959762097,0.01345304911956191,1e-05,2,61.77522039413452
319,0.012295194373776516,0.012798681544760862,1e-05,2,61.802271127700806
320,0.01201783176511526,0.01288376081114014,1e-05,2,61.646429777145386
321,0.012172332933793465,0.013047690348078808,1e-05,2,61.82531452178955
322,0.012667734206964572,0.013727373443543911,1e-05,2,61.75019574165344
323,0.013017761676261822,0.014969754498451948,1e-05,2,61.559927225112915
324,0.013186483923345805,0.015679541199157637,1e-05,2,61.667563676834106
325,0.013290402262161176,0.015826978720724583,1e-05,2,62.04787564277649
326,0.01313701703523596,0.015993826556950808,1e-05,2,61.738346099853516
327,0.0130994259690245,0.015734481470038492,1e-05,2,61.87185025215149
328,0.012743608249972263,0.015348487067967653,1e-05,2,61.86030554771423
329,0.012425865263988574,0.015139262347171703,1e-05,2,61.74143362045288
330,0.01263853143900633,0.015016354154795408,1e-05,2,61.98488712310791
331,0.01319656688719988,0.01585679640993476,1e-05,2,61.909679889678955
332,0.013883442617952824,0.01500801695510745,1e-05,2,62.03381061553955
333,0.01606960603967309,0.015029024798423052,1e-05,2,61.66126537322998
334,0.017920175287872552,0.014298687999447187,1e-05,2,61.42237114906311
335,0.015906290616840124,0.011852767784148455,1e-05,2,61.64660024642944
336,0.012720230687409639,0.012269564593831698,1e-05,2,61.71745204925537
337,0.012088050600141287,0.012288509402424097,1e-05,2,61.55748772621155
338,0.012322008889168502,0.012259388963381449,1e-05,2,61.77009558677673
339,0.011806378420442343,0.012008569824198881,1e-05,2,61.53057789802551
340,0.011747289014359315,0.01215211876357595,1e-05,2,61.64842772483826
341,0.01167168195048968,0.012089139316231012,1e-05,2,62.10824394226074
342,0.01161209928492705,0.012123551064481338,1e-05,2,61.41904592514038
343,0.011538722024609645,0.012086347055931887,1e-05,2,61.59488368034363
344,0.011453200411051512,0.01218542642891407,1e-05,2,61.61931014060974
345,0.011410264546672504,0.012163604299227396,1e-05,2,61.712212324142456
346,0.011416898077974717,0.012108703299115101,1e-05,2,61.391242265701294
347,0.011476093158125877,0.012435922399163246,1e-05,2,61.51018929481506
348,0.011569223459810018,0.012395792175084352,1e-05,2,61.39722442626953
349,0.011821874044835567,0.01227922753120462,1e-05,2,61.237221240997314
350,0.012125855715324482,0.012582651029030481,1e-05,2,61.57554888725281
351,0.012442864539722601,0.012968786216030518,1e-05,2,61.92276072502136
352,0.012919809576123953,0.013431245616326729,1e-05,2,61.57462930679321
353,0.012857589405030012,0.012828633965303501,1e-05,2,61.61962914466858
354,0.012219385771701733,0.012200289561102787,1e-05,2,61.77151274681091
355,0.012056240967164436,0.011983221707244715,1e-05,2,62.007426023483276
356,0.012262787763029337,0.012081099829326073,1e-05,2,61.137606382369995
357,0.012632578580329816,0.01291987532749772,1e-05,2,61.32555389404297
358,0.013275030069053173,0.014986968133598566,1e-05,2,61.47347331047058
359,0.014014268604417643,0.01725958737855156,1e-05,2,61.58710527420044
360,0.014657579797009627,0.017673777726789314,1e-05,2,61.62219429016113
361,0.014539935098340114,0.016882479656487703,1e-05,2,62.053149700164795
362,0.01456239918867747,0.01644321313748757,1e-05,2,61.79457068443298
363,0.013926836848258971,0.01658643192301194,1e-05,2,61.77682566642761
364,0.012948631184796493,0.01704215832675497,1e-05,2,61.726038217544556
365,0.012458059253791969,0.017237684534241755,1e-05,2,61.67147088050842
366,0.012558474857360124,0.01751945276434223,1e-05,2,62.09517288208008
367,0.012917376806338627,0.015864272757122915,1e-05,2,61.89916467666626
368,0.014429312944412232,0.013616572599858046,1e-05,2,61.707937240600586
369,0.017373578157275915,0.014659777749329805,1e-05,2,61.47240400314331
370,0.01820852936555942,0.013705923066784939,1e-05,2,61.981712341308594
371,0.012633087610205014,0.012633696664124727,1e-05,2,61.69828486442566
372,0.012020290736109019,0.012362402863800526,1e-05,2,61.69079566001892
373,0.01278158553565542,0.012788222016145786,1e-05,2,61.74730706214905
374,0.012146627095838388,0.012528663190702597,1e-05,2,61.604021310806274
375,0.012015410512685776,0.01321546376372377,1e-05,2,61.3925724029541
376,0.012180068902671337,0.014154443827768167,1e-05,2,62.08921551704407
377,0.01238821108515064,0.01502748749529322,1e-05,2,61.70716190338135
378,0.012382747946927945,0.016208126364896696,1e-05,2,61.78552842140198
379,0.012443255167454481,0.016818588133901358,1e-05,2,61.45033884048462
380,0.012375693613042435,0.017644877390315134,1e-05,2,61.28204154968262
381,0.0122142949141562,0.018297212664037943,1e-05,2,61.542118549346924
382,0.012129607796669006,0.018682438259323437,1e-05,2,61.29648447036743
383,0.012336172287662824,0.017832706061502297,1e-05,2,61.52855920791626
384,0.013202343477557103,0.015303905277202526,1e-05,2,61.369548320770264
385,0.015582881247003874,0.013274838527043661,1e-05,2,61.71376967430115
386,0.019260790416349968,0.015336300246417522,1e-05,2,61.294034004211426
387,0.014522020549823841,0.011985568174471458,1e-05,2,61.73248863220215
388,0.014253121428191661,0.011170716801037392,1e-05,2,61.368401765823364
389,0.012221343504885832,0.012137386947870255,1e-05,2,61.804967403411865
390,0.011504061861584584,0.011831896690030893,1e-05,2,61.724567890167236
391,0.011962769304712613,0.011738130046675602,1e-05,2,61.88918614387512
392,0.011426148811976115,0.011516610160470009,1e-05,2,61.621236085891724
393,0.0117447382149597,0.011231208220124245,1e-05,2,62.13758730888367
394,0.011533179289350907,0.01122651839007934,1e-05,2,61.76351189613342
395,0.011930500933279594,0.011052333905051151,1e-05,2,61.88393712043762
396,0.012262913212180138,0.01124306566392382,1e-05,2,62.09846520423889
397,0.01299039280662934,0.011912181973457336,1e-05,2,62.226760387420654
398,0.013787695113569498,0.013054602003345886,1e-05,2,61.78905987739563
399,0.014098075653115908,0.013724387468149265,1e-06,3,61.803285121917725
400,0.014022780706485112,0.0109751479079326,1e-06,3,62.08097505569458
401,0.012023267118881147,0.010507641670604547,1e-06,3,62.05958819389343
402,0.011786235527445873,0.010926286845157543,1e-06,3,61.92621064186096
403,0.011930908728390931,0.01096762577071786,1e-06,3,61.59890079498291
404,0.011783597463121017,0.010770312044769526,1e-06,3,61.64326882362366
405,0.011614799158026774,0.010704960363606611,1e-06,3,61.67206001281738
406,0.011550893355160952,0.010684506967663765,1e-06,3,61.45605707168579
407,0.011502501647919416,0.010667482080558935,1e-06,3,61.68364930152893
408,0.01145934717108806,0.0106334302884837,1e-06,3,61.98235368728638
409,0.01141565420354406,0.01060898695141077,1e-06,3,61.82139563560486
410,0.01138346487035354,0.010577698393414417,1e-06,3,61.62127900123596
411,0.01135155934219559,0.010554809278498093,1e-06,3,61.61366653442383
412,0.01132270482679208,0.010543123353272676,1e-06,3,61.857975006103516
413,0.011294970785578092,0.010533220289895931,1e-06,3,61.38357162475586
414,0.011272593308240176,0.010511537703375021,1e-06,3,61.87504005432129
415,0.011245175544172526,0.010507511751105389,1e-06,3,61.91568994522095
416,0.0112265447465082,0.01048740434149901,1e-06,3,61.75036811828613
417,0.011202405299991369,0.01046909624710679,1e-06,3,61.59109711647034
418,0.011176562619705994,0.010462002518276373,1e-06,3,61.898484230041504
419,0.011157313672204813,0.010453704434136549,1e-06,3,61.7395281791687
420,0.011138558729241292,0.01044041927283009,1e-06,3,61.90418076515198
421,0.011122773494571447,0.010429833084344864,1e-06,3,62.2951135635376
422,0.01110516240199407,0.010418024845421314,1e-06,3,61.950565576553345
423,0.01108671563367049,0.010407607071101665,1e-06,3,61.65540170669556
424,0.011069363697121542,0.010402651193241278,1e-06,3,61.6217303276062
425,0.011050254882623753,0.01039279873172442,1e-06,3,61.63528537750244
426,0.011039658139149347,0.010376516884813706,1e-06,3,62.002362966537476
427,0.011023123965909083,0.010366289565960566,1e-06,3,61.42356014251709
428,0.011006246879696846,0.010348429282506308,1e-06,3,61.89715337753296
429,0.010995915625244379,0.010347199936707815,1e-06,3,61.501906394958496
430,0.010978707919518153,0.010335845251878103,1e-06,3,62.2916944026947
431,0.010965652981152136,0.010319711174815893,1e-06,3,61.8973126411438
432,0.010951309899489085,0.010318483070780834,1e-06,3,61.640361309051514
433,0.01093902870391806,0.010310605634003878,1e-06,3,61.95682954788208
434,0.01092645712196827,0.010311914142221212,1e-06,3,62.13534688949585
435,0.010918314382433892,0.010303719124446312,1e-06,3,61.7468056678772
436,0.01090792752802372,0.010297150971988836,1e-06,3,61.656893730163574
437,0.010899729871501526,0.010288653584818045,1e-06,3,61.780680418014526
438,0.01088596802825729,0.01029043256615599,1e-06,3,61.68062424659729
439,0.010875306650996208,0.010270429154237112,1e-06,3,62.00995659828186
440,0.010863212185601394,0.010263344117750725,1e-06,3,61.85376334190369
441,0.010855006364484629,0.010253838573892912,1e-06,3,61.76753234863281
442,0.010844099273284277,0.010256645580132803,1e-06,3,61.85369086265564
443,0.010835511889308692,0.010248772644748291,1e-06,3,61.87718152999878
444,0.010824671884377798,0.010240588492403427,1e-06,3,62.035995960235596
445,0.010818960051983595,0.010225784499198198,1e-06,3,62.11459445953369
446,0.010807446328302224,0.010222620330750942,1e-06,3,61.92586660385132
447,0.010799132597943148,0.01021675377463301,1e-06,3,61.8419234752655
448,0.010787290893495083,0.010218104968468348,1e-06,3,61.47785496711731
449,0.01078139382104079,0.010200215969234705,1e-06,3,61.87422490119934
450,0.010774151887744665,0.010194172772268454,1e-06,3,61.9455349445343
451,0.010764540328333775,0.010181764916827282,1e-06,3,61.59014582633972
452,0.010754541183511416,0.010179133775333563,1e-06,3,61.89344143867493
453,0.01074385279789567,0.01017491240054369,1e-06,3,61.88507032394409
454,0.010736120430131753,0.010170957228789726,1e-06,3,61.90649342536926
455,0.010730470437556506,0.010164336611827215,1e-06,3,61.92201590538025
456,0.010724898645033438,0.010159309798230728,1e-06,3,62.00971174240112
457,0.010719766778250536,0.010145113337785006,1e-06,3,61.94161367416382
458,0.010711184858034054,0.010142360348254442,1e-06,3,62.041385650634766
459,0.010705502269168695,0.010129423967252174,1e-06,3,61.9804892539978
460,0.010697723894069592,0.010127294498185316,1e-06,3,61.83760213851929
461,0.010691579959044854,0.010121919680386782,1e-06,3,61.898258447647095
462,0.010683948453515769,0.010126105509698391,1e-06,3,62.1055121421814
463,0.010680024325847626,0.010108362572888533,1e-06,3,61.96205520629883
464,0.010673980290691058,0.010109954047948122,1e-06,3,61.604782819747925
465,0.010668330701688926,0.010102419803539911,1e-06,3,62.0241916179657
466,0.010662986617535352,0.010090855415910482,1e-06,3,61.554813623428345
467,0.010657280776649713,0.010089917418857416,1e-06,3,61.99057078361511
468,0.010652439544598262,0.010081586117545763,1e-06,3,61.601601123809814
469,0.01064425464719534,0.010084724829842647,1e-06,3,61.96572232246399
470,0.010639352723956108,0.0100707298455139,1e-06,3,61.82185459136963
471,0.010633853636682034,0.01006686749557654,1e-06,3,61.85611319541931
472,0.010629252189149459,0.010067631800969442,1e-06,3,61.86024832725525
473,0.010624857805669307,0.010059714162101349,1e-06,3,61.13449263572693
474,0.010619487582395474,0.010061062406748533,1e-06,3,61.426279067993164
475,0.010614791605621576,0.010053338327755531,1e-06,3,61.935317277908325
476,0.010611652427663406,0.010047073941677809,1e-06,3,61.82616066932678
477,0.010606382880359888,0.010049697632590929,1e-06,3,61.75857710838318
478,0.01060247914865613,0.010034420061856508,1e-06,3,62.0227689743042
479,0.01059731434409817,0.01003463581825296,1e-06,3,61.428855419158936
480,0.01059288705388705,0.010029112609724203,1e-06,3,61.51569080352783
481,0.010587643490483363,0.010027400217950344,1e-06,3,61.590981245040894
482,0.010582868133982022,0.010020948015153408,1e-06,3,61.56244373321533
483,0.010577782988548279,0.010017677831153074,1e-06,3,61.548237800598145
484,0.01057314562300841,0.010015708239128193,1e-06,3,61.814911127090454
485,0.010566855035722255,0.010014392745991548,1e-06,3,61.68334245681763
486,0.010563859095176062,0.010005072845766941,1e-06,3,61.40723657608032
487,0.010558819522460301,0.01000507827848196,1e-06,3,61.591156244277954
488,0.010555870116998751,0.010002231691032648,1e-06,3,62.30375146865845
489,0.010551693880309661,0.009997517025719086,1e-06,3,61.91157388687134
490,0.010545919587214788,0.009991940576583147,1e-06,3,61.612945795059204
491,0.010539947232852379,0.009994008423139652,1e-06,3,61.86504650115967
492,0.010538163843254249,0.00999294857804974,1e-06,3,61.605698108673096
493,0.010534764733165503,0.009989154680321613,1e-06,3,61.751158714294434
494,0.010529704050471385,0.00998400648434957,1e-06,3,61.657435178756714
495,0.010525426485886176,0.009986496220032373,1e-06,3,61.419464349746704
496,0.010521650190154712,0.009985853141794601,1e-06,3,61.944514989852905
497,0.010518013096104065,0.009980896798272928,1e-06,3,61.713483810424805
498,0.010515318624675274,0.009982326067984104,1e-06,3,61.73893475532532
499,0.010512437205761671,0.009984285725901524,1e-06,3,61.98254656791687
500,0.010509029279152553,0.009984567761421204,1e-06,3,61.84405970573425
501,0.010506112283716599,0.009976187100013098,1e-06,3,62.11738157272339
502,0.010500068621089062,0.00997971681257089,1e-06,3,61.180800676345825
503,0.010495916909227769,0.009978902991861105,1e-06,3,61.55734086036682
504,0.010492027333627144,0.00997317691023151,1e-06,3,61.625359535217285
505,0.010487203517307838,0.009973663991938034,1e-06,3,61.634281635284424
506,0.010483790809909502,0.009978940710425377,1e-06,3,61.53082060813904
507,0.010479992162436247,0.009974691551178694,1e-06,3,61.86011552810669
508,0.010476668706784646,0.009974284407993158,1e-06,3,61.854424476623535
509,0.01047338747108976,0.009970813989639282,1e-06,3,61.84644293785095
510,0.010469768972446522,0.009977973997592926,1e-06,3,61.87910056114197
511,0.01046843184158206,0.00998214011391004,1e-06,3,61.96958875656128
512,0.010465070884674788,0.009980025235563517,1e-06,3,61.816293716430664
513,0.010460318780193727,0.009982992894947529,1e-06,3,61.58028030395508
514,0.010458997388680776,0.009986139213045439,1e-06,3,61.40892696380615
515,0.010454549516240755,0.009987070380399624,1e-06,3,61.44909858703613
516,0.010453015845268965,0.009986029316981634,1e-06,3,61.7426278591156
517,0.010447847470641137,0.009989911535133919,1e-06,3,61.44061088562012
518,0.010445854905992747,0.009991246741265059,1e-06,3,61.30824422836304
519,0.010444155738999447,0.0099956050204734,1e-06,3,61.72903513908386
520,0.010441923327744008,0.009995099001874527,1e-06,3,61.721041440963745
521,0.010438214583943287,0.009998140390962362,1e-06,3,62.096789598464966
522,0.010435729442785183,0.009997560176998377,1e-06,3,61.83629894256592
523,0.010433276711652676,0.009998049587011337,1e-06,3,61.909048557281494
524,0.010428354516625405,0.009994696515301863,1e-06,3,61.84838080406189
525,0.010425812657922506,0.009997022648652395,1e-06,3,62.045653343200684
526,0.010421514045447111,0.0100052774262925,1e-06,3,61.7424635887146
527,0.01041757914548119,0.01000187499448657,1e-06,3,61.674447774887085
528,0.010415098381539185,0.010002806317061186,1e-06,3,62.0083270072937
529,0.010412472672760487,0.01000572027017673,1e-06,3,61.52741074562073
530,0.010407820033530394,0.01001201942563057,1e-06,3,61.640074491500854
531,0.010403492581099271,0.01001283417766293,1e-06,3,61.765504598617554
532,0.01039945042381684,0.010018312061826387,1e-06,3,61.843934297561646
533,0.010397485705713432,0.010021286085247993,1e-06,3,62.005940437316895
534,0.01039469096188744,0.01002655861278375,1e-06,3,61.74091053009033
535,0.010393018710116546,0.010034302404771248,1e-06,3,61.84654998779297
536,0.010388159410407145,0.010024211214234432,1e-06,3,61.52235126495361
537,0.010387243423610925,0.010030336522807678,1e-06,3,61.31221961975098
538,0.010383465451498826,0.010029239890476068,1e-06,3,61.69064259529114
539,0.01038069740558664,0.010029081410417954,1e-06,3,61.781177282333374
540,0.010379049430290858,0.010035942619045576,1e-06,3,61.81088638305664
541,0.010375229548662901,0.010046659037470818,1e-06,3,61.802650690078735
542,0.010373138543218374,0.010047446005046368,1e-06,3,61.7459077835083
543,0.010371530428528786,0.010058860604961714,1e-06,3,61.797876596450806
544,0.010370362146447102,0.010065906370679537,1e-06,3,61.68909168243408
545,0.010366295371204615,0.010076975139478842,1e-06,3,62.00244164466858
546,0.010365601908415557,0.010075732910384735,1e-06,3,61.95306158065796
547,0.010364149107287328,0.010072517519195875,1e-06,3,61.835336685180664
548,0.010360056969026725,0.01007346079374353,1e-06,3,61.785926818847656
549,0.010359153430908919,0.010063763707876205,1e-06,3,61.80372762680054
550,0.010358392416189114,0.010060510442902645,1e-06,3,61.99043130874634
551,0.010357332167526085,0.010059952115019163,1e-06,3,61.55298399925232
552,0.010354744301488002,0.01005146186798811,1e-06,3,61.89757752418518
553,0.010355149985601504,0.010049981065094471,1e-06,3,61.72939848899841
554,0.010351498052477837,0.010055288362006346,1e-06,3,61.89947819709778
555,0.01034827558323741,0.010065571094552675,1e-06,3,61.874210596084595
556,0.01034277081489563,0.010059822661181292,1e-06,3,62.328625202178955
557,0.010339695215225219,0.010077852134903273,1e-06,3,61.99894642829895
558,0.01033309061701099,0.01009603605295221,1e-06,3,61.52666687965393
559,0.01032932714248697,0.010109113218883673,1e-06,3,62.19910955429077
560,0.010327410604804754,0.01010363626604279,1e-06,3,61.925185441970825
561,0.010325615014880895,0.010106392825643221,1e-06,3,61.64787936210632
562,0.010323836964865525,0.010099568093816439,1e-06,3,61.580527782440186
563,0.010325903538614511,0.010116132907569408,1e-06,3,61.60038614273071
564,0.010321135104944309,0.010107530901829401,1e-06,3,61.86310696601868
565,0.01032552585626642,0.010111063874016205,1e-06,3,61.705976724624634
566,0.01032292131955425,0.010114849855502447,1e-06,3,61.79052209854126
567,0.010317983602484067,0.010140529368072748,1e-06,3,61.61322593688965
568,0.010313320532441139,0.010139813181012869,1e-06,3,61.45431613922119
569,0.010313788490990797,0.01011736923828721,1e-06,3,61.52486324310303
570,0.01031884147475163,0.010089003791411718,1e-06,3,61.60043382644653
571,0.010326807635525863,0.010075422624746958,1e-06,3,62.1255669593811
572,0.010328723024576903,0.01007514571150144,1e-06,3,61.614798069000244
573,0.010325846448540687,0.010093967740734419,1e-06,3,62.0797061920166
574,0.010310919831196468,0.010125329252332449,1e-06,3,61.76112651824951
575,0.010303567132602135,0.010175665840506554,1e-06,3,61.8749840259552
576,0.010298642298827569,0.010225680967171987,1e-06,3,61.71535539627075
577,0.010297664658476908,0.010230455858012041,1e-06,3,61.88262939453125
578,0.01030298313125968,0.010264612113436064,1e-06,3,61.68813872337341
579,0.01030071781327327,0.010258356885363659,1e-06,3,62.03693103790283
580,0.010304050302753847,0.01020436097557346,1e-06,3,61.64838194847107
581,0.01032309706012408,0.01016236019010345,1e-06,3,61.719481229782104
582,0.010331817995756864,0.010158489303042492,1e-06,3,61.656288623809814
583,0.010328705329447985,0.01017392302552859,1e-06,3,61.72495698928833
584,0.010323537265261013,0.010193458913515011,1e-06,3,61.71174120903015
585,0.010318143665790558,0.010220135562121868,1e-06,3,61.32169318199158
586,0.010309845426430304,0.010287712793797255,1e-06,3,61.4013557434082
587,0.010310886924465497,0.010353833281745514,1e-06,3,61.758479833602905
588,0.010308021927873294,0.01039285771548748,1e-06,3,61.89544868469238
589,0.010310181323438883,0.010401502096404633,1e-06,3,61.740381956100464
590,0.010316880016277234,0.010364161183436712,1e-06,3,61.568920850753784
591,0.010332151160885891,0.010339518232891956,1e-06,3,62.069639682769775
592,0.010343197640031577,0.010355294837305943,1e-06,3,61.2980751991272
593,0.01034205574542284,0.010437752430637678,1e-06,3,61.94399809837341
594,0.010335467755794525,0.01051993171374003,1e-06,3,61.73289632797241
595,0.01033871416002512,0.010528195028503736,1e-06,3,61.74361610412598
596,0.01034601666033268,0.010568004567176104,1e-06,3,61.82691192626953
597,0.010345479442427556,0.010607993385444084,1e-06,3,61.834070920944214
598,0.010358022432774306,0.010605772181103626,1e-06,3,61.68356370925903
599,0.010375407245010137,0.010663586979111036,1e-06,3,61.77364158630371
